<?xml version="1.0" encoding="UTF-8"?>
<project-private xmlns="http://www.netbeans.org/ns/project-private/1">
    <editor-bookmarks xmlns="http://www.netbeans.org/ns/editor-bookmarks/2" lastBookmarkId="0"/>
    <open-files xmlns="http://www.netbeans.org/ns/projectui-open-files/2">
        <group>
            <file>file:/Applications/XAMPP/htdocs/app/application/views/content/input_customer.php</file>
            <file>file:/Applications/XAMPP/htdocs/app/application/views/home.php</file>
            <file>file:/Applications/XAMPP/htdocs/app/application/views/widget/sidebar.php</file>
            <file>file:/Applications/XAMPP/htdocs/app/assets/css/dashboard.css</file>
            <file>file:/Applications/XAMPP/htdocs/app/application/views/widget/head.php</file>
            <file>file:/Applications/XAMPP/htdocs/app/application/views/content/profile.php</file>
            <file>file:/Applications/XAMPP/htdocs/app/application/controllers/home.php</file>
        </group>
    </open-files>
</project-private>
